Id,Political Party,Ideology,Race,Gender,Religion,Family Income,Education,Age,Region,Bush Approval,Vote
-1,3,3,3,2,3,6,3,4,4,2,2
Vote
3,1,1,2,2,2,3,2,3,3,1,1
4,1,1,1,2,1,6,1,3,1,2,1
5,3,2,2,2,2,5,3,3,1,2,1
6,1,2,2,2,1,2,3,3,1,2,1
7,2,3,2,2,1,5,1,4,1,2,2
8,3,3,2,1,1,6,2,3,1,2,1
9,2,3,2,2,1,3,2,2,3,2,1
10,3,1,2,1,2,5,2,1,1,1,1
11,2,2,1,1,1,6,2,2,3,2,1
12,1,2,2,2,2,5,2,3,3,2,1
13,3,2,2,1,2,2,3,2,3,1,1
14,3,3,2,1,1,2,2,3,1,1,1
15,2,3,3,1,2,2,2,4,3,1,2
16,1,2,2,2,2,3,3,4,1,1,2
17,2,3,2,2,2,3,2,2,1,2,1
18,3,3,2,2,3,5,2,4,1,2,2
19,3,2,2,2,3,3,1,2,3,2,1
20,1,2,2,2,3,5,2,2,2,2,1
21,3,2,2,2,1,3,1,2,2,2,1
22,1,2,3,1,1,6,1,3,2,2,1
23,3,3,2,1,1,5,2,1,4,2,1
24,1,1,3,1,2,5,2,3,4,2,1
25,1,3,2,1,1,2,2,3,3,2,1
26,2,1,1,1,2,2,2,3,1,1,1
27,1,1,2,1,3,3,3,1,1,2,1
28,3,2,2,2,3,2,3,3,1,1,1
29,1,2,3,2,3,3,3,1,1,1,1
30,3,3,2,2,3,5,2,1,2,2,1
31,2,2,2,1,1,5,1,1,3,1,1
32,1,3,2,2,1,5,2,2,2,2,1
33,2,1,2,1,1,5,2,2,3,2,1
34,3,1,2,1,1,2,2,2,3,2,1
35,3,2,2,2,2,1,3,1,1,1,1
36,1,1,2,1,1,2,2,3,1,2,1
37,3,2,3,1,1,4,3,3,1,2,1
38,1,2,1,2,2,2,2,3,2,2,1
39,2,1,2,1,1,5,2,3,4,2,2
40,1,1,1,2,3,3,1,3,2,2,1
41,1,2,2,2,3,3,1,1,2,2,1
42,3,2,2,2,3,6,2,2,2,1,1
43,1,2,2,2,1,6,1,3,4,2,1
44,3,2,2,2,1,2,2,3,2,2,1
45,1,2,3,2,1,6,2,1,4,1,1
46,2,3,3,2,1,2,2,3,4,1,2
47,1,2,1,1,1,2,3,2,3,1,1
48,3,3,2,1,1,2,3,2,1,1,1
49,3,1,1,1,2,5,2,1,1,2,1
50,1,2,2,1,2,3,3,1,1,2,1
51,1,2,3,1,2,5,2,1,3,2,1
52,2,2,1,1,2,5,2,2,2,1,1
53,3,2,2,2,3,5,2,3,3,2,1
54,2,3,2,2,3,2,2,3,3,2,1
55,3,1,2,2,1,2,2,3,1,2,1
56,2,3,2,2,1,2,3,3,1,2,1
57,3,2,2,1,1,2,2,3,1,2,1
58,3,1,3,2,2,3,2,1,1,2,1
59,2,2,1,2,1,5,1,1,1,2,1
60,2,2,2,1,1,3,1,2,2,2,1
61,2,3,1,2,2,3,1,2,3,2,1
62,3,2,2,1,1,3,3,2,2,1,1
63,3,3,2,2,2,4,2,3,3,1,2
64,1,1,2,1,3,1,2,2,2,1,1
65,2,1,2,1,3,1,2,3,3,1,1
66,1,2,2,2,3,2,2,3,3,2,1
67,1,1,2,1,3,1,2,3,3,2,1
68,3,2,2,2,3,2,3,2,1,1,1
69,1,2,2,1,1,2,1,4,1,1,1
70,2,1,2,2,1,2,3,1,2,2,1
71,1,1,2,1,1,3,2,4,1,2,1
72,3,2,3,1,2,6,2,2,3,2,1
73,3,2,2,2,1,5,2,2,3,2,1
74,2,2,2,1,3,2,2,2,3,2,1
75,1,1,2,2,3,5,2,3,1,2,1
76,2,2,2,2,3,2,3,3,3,2,1
77,2,3,2,2,1,2,2,3,1,2,1
78,1,2,2,2,1,2,2,1,1,2,1
79,3,3,2,2,1,5,2,4,1,1,2
80,1,3,2,2,1,1,2,1,3,2,1
81,2,2,2,2,1,3,1,1,4,1,1
82,1,2,2,2,1,4,1,1,1,1,1
83,2,3,2,1,1,3,1,3,2,2,1
84,1,2,2,2,1,6,1,2,2,1,1
85,2,3,2,2,1,6,2,3,3,1,2
86,1,1,1,1,2,2,2,3,3,2,1
87,3,1,2,1,1,6,2,3,1,2,1
88,1,2,2,2,2,2,3,1,3,2,1
89,2,3,2,2,2,3,3,2,1,2,1
90,1,2,2,2,2,2,3,4,1,2,1
91,3,1,2,2,3,5,3,3,1,2,1
92,1,3,2,2,1,3,2,4,3,2,2
93,2,3,3,2,1,5,2,2,3,2,1
94,3,1,3,2,1,5,2,4,1,2,1
95,2,3,1,2,2,1,3,2,1,1,1
96,3,2,2,2,1,2,1,2,1,2,1
97,1,2,2,2,1,6,2,2,3,1,1
98,3,2,2,1,3,2,3,4,1,1,1
99,1,2,1,1,1,1,1,2,2,2,1
100,3,2,1,2,3,1,1,4,2,2,1
101,3,3,2,1,1,3,2,3,2,1,1
102,3,1,2,2,1,2,2,4,2,1,1
103,2,2,2,2,1,4,2,2,3,2,1
104,3,1,2,1,1,4,2,1,4,1,1
105,2,2,2,2,1,4,2,3,1,2,2
106,1,2,3,2,1,1,2,3,2,2,1
107,3,2,1,2,1,5,2,3,2,2,1
108,2,3,3,1,1,1,3,3,3,2,1
109,1,3,1,1,1,1,3,2,2,2,1
110,2,3,1,1,1,2,3,3,4,2,1
111,3,1,2,1,2,4,2,4,4,2,1
112,1,2,2,1,2,2,1,4,4,2,1
113,3,2,2,1,2,4,2,4,2,2,2
114,2,3,2,2,2,4,2,4,1,2,2
115,1,2,2,2,1,4,2,2,1,1,1
116,2,3,2,2,3,1,3,2,2,1,1
117,1,1,1,1,1,5,2,2,2,2,1
118,3,3,2,1,1,1,1,2,2,2,1
119,1,3,2,1,1,5,3,3,2,2,1
120,2,1,3,1,2,3,2,3,2,2,1
121,1,2,3,1,2,1,2,1,4,2,1
122,2,2,1,2,1,1,2,3,4,2,1
123,3,3,1,2,3,3,2,1,4,2,1
124,1,2,2,2,3,3,1,1,4,2,1
125,2,3,2,1,3,3,2,1,2,2,1
126,1,1,2,2,1,6,2,2,2,1,1
127,2,1,2,1,2,6,2,2,2,2,1
128,1,2,2,1,2,6,3,2,2,1,1
129,2,1,1,1,2,5,3,3,2,1,1
130,1,2,2,1,3,2,1,2,2,2,1
131,2,3,2,2,3,6,3,3,3,2,2
132,1,1,2,2,3,1,2,3,3,1,1
133,2,3,2,2,1,3,2,3,1,1,1
134,3,1,2,2,1,3,2,3,1,2,1
135,3,3,2,2,1,3,2,3,3,1,1
136,1,1,1,2,1,3,2,1,4,1,1
137,3,2,2,2,2,3,3,2,4,2,1
138,1,2,2,2,1,1,3,4,1,2,1
139,2,3,2,2,1,4,3,2,2,2,1
140,1,2,2,2,1,1,2,3,1,2,1
141,2,2,2,2,1,1,3,2,2,2,1
142,1,1,2,1,1,1,2,4,2,2,1
143,2,2,2,1,1,2,1,2,3,2,1
144,1,2,2,1,2,2,1,4,1,2,1
145,3,2,3,2,2,3,2,3,3,2,1
146,3,3,2,1,2,5,2,4,1,1,2
147,2,2,1,2,1,3,2,2,1,2,1
148,1,3,2,2,2,5,2,1,1,2,1
149,2,3,2,1,3,5,2,3,2,1,2
150,3,2,2,2,1,1,1,3,2,2,1
151,1,1,2,2,1,2,1,2,2,1,1
152,3,2,2,1,1,4,2,2,2,2,1
153,2,2,2,2,2,1,2,2,2,2,1
154,3,3,2,1,1,1,2,2,3,2,1
155,2,1,2,1,2,2,2,4,1,2,1
156,1,3,3,2,3,2,3,3,2,2,1
157,2,1,1,1,3,2,2,4,4,2,1
158,3,1,1,2,3,3,1,4,4,2,1
159,1,2,2,1,2,5,3,4,4,2,1
160,1,2,2,2,2,5,3,2,2,1,1
161,1,3,2,1,1,5,2,2,1,1,1
162,2,2,2,1,2,5,2,3,2,2,2
163,3,3,3,1,3,2,1,2,2,2,1
164,1,1,2,2,1,2,1,3,2,1,1
165,1,3,2,1,1,2,2,1,3,1,1
166,1,2,3,1,1,2,2,3,3,1,1
167,1,1,2,1,2,3,2,1,3,2,1
168,3,2,3,2,2,3,1,2,1,2,1
169,3,2,3,2,2,6,2,1,1,2,1
170,1,1,1,2,2,5,1,2,2,2,1
171,2,3,2,2,2,2,3,1,2,2,1
172,1,2,2,1,1,4,2,2,2,2,1
173,3,1,2,2,3,1,2,2,2,2,1
174,1,2,2,2,1,2,2,2,2,2,1
175,2,2,2,2,1,1,2,2,2,2,1
176,1,2,2,2,1,2,2,3,1,1,1
177,3,2,3,2,1,2,2,2,2,2,1
178,1,2,2,2,1,2,1,4,4,2,1
179,2,3,1,1,2,3,1,3,4,1,1
180,1,1,2,1,1,3,2,4,4,1,1
181,2,2,1,1,1,3,2,2,2,2,1
182,1,2,2,1,2,1,1,4,4,2,1
183,2,2,2,1,1,4,1,2,2,2,1
184,1,2,2,2,2,1,2,2,2,2,1
185,1,2,2,2,1,1,2,2,2,2,1
186,3,3,2,2,1,2,2,4,2,2,2
187,2,3,2,2,1,2,3,3,2,2,1
188,1,1,2,2,1,2,2,4,3,2,1
189,2,1,2,1,1,3,3,4,4,2,1
190,1,3,3,1,1,5,3,4,1,2,1
191,1,2,1,1,1,5,3,2,1,1,1
192,3,2,1,1,2,5,2,3,1,2,1
193,1,2,2,1,2,3,1,1,1,2,1
194,2,3,2,2,1,6,2,1,2,2,1
195,1,1,2,2,3,5,2,2,2,1,1
196,3,2,2,1,1,6,2,2,2,2,1
197,2,2,2,2,1,2,3,2,4,1,1
198,3,2,2,2,1,2,3,2,2,1,1
199,1,2,2,2,1,2,3,4,3,2,1
200,3,3,2,2,1,3,2,3,3,1,1
201,1,1,2,2,1,3,1,4,4,2,1
202,3,3,2,2,2,6,1,4,2,2,2
203,1,1,2,2,1,5,1,1,4,2,1
204,3,1,2,1,1,2,2,3,1,2,1
205,1,2,2,1,3,6,2,1,4,2,1
206,2,2,1,1,2,2,2,3,1,2,1
207,1,3,2,2,1,2,2,3,2,2,1
208,3,1,2,1,1,3,3,3,2,2,1
209,1,3,2,1,2,3,3,3,3,2,1
210,2,1,2,2,1,3,3,3,1,1,1
211,1,3,2,2,1,3,1,3,3,1,1
212,2,2,2,2,1,6,3,2,3,2,1
213,3,2,2,1,1,4,2,3,3,1,2
214,2,3,2,2,1,1,2,1,1,1,1
215,1,2,2,1,1,4,2,2,3,2,1
216,3,3,2,2,1,1,3,1,1,1,1
217,1,1,2,1,2,2,2,2,1,2,1
218,3,1,2,1,1,6,3,2,1,2,1
219,1,2,2,2,1,2,1,2,1,2,1
220,3,2,1,1,3,2,2,4,2,2,1
221,2,3,2,1,1,3,1,2,2,2,1
222,1,3,2,2,1,5,1,4,4,2,2
223,2,1,2,1,1,4,1,3,2,1,2
224,1,3,2,2,1,5,3,4,4,2,2
225,2,3,3,2,1,5,2,2,4,2,1
226,3,2,3,2,1,5,2,4,4,2,1
227,1,1,1,1,1,2,2,2,2,1,1
228,3,2,1,1,1,2,2,3,4,2,1
229,1,2,1,2,2,2,2,3,2,2,1
230,2,1,2,1,1,2,2,3,2,1,1
231,1,3,1,2,2,3,1,3,2,1,1
232,3,1,2,1,1,5,1,4,2,2,1
233,2,1,1,1,1,3,2,1,2,1,1
234,3,2,2,2,3,4,1,4,2,1,2
235,2,2,2,1,1,3,2,4,4,2,2
236,1,2,2,2,1,4,2,3,2,1,1
237,2,3,2,1,1,1,2,2,4,2,1
238,1,2,3,2,2,4,2,2,4,2,1
239,2,1,3,2,2,2,2,2,1,2,1
240,1,1,3,1,2,2,2,2,2,2,1
241,2,2,3,2,1,2,3,2,1,2,1
242,3,1,1,1,3,3,3,3,3,1,1
243,2,2,2,2,1,3,3,1,3,2,1
244,1,2,2,2,1,3,3,3,3,1,1
245,1,3,2,1,1,6,2,1,3,1,1
246,1,1,2,2,2,3,2,1,3,2,1
247,1,3,2,2,2,1,2,3,3,1,1
248,1,1,2,2,2,1,2,2,1,1,1
249,2,1,3,2,2,1,2,2,4,2,1
250,1,2,3,2,3,2,2,2,2,2,1
251,2,2,1,2,1,2,1,3,4,2,1
252,1,3,2,1,3,2,2,2,1,2,1
253,2,2,3,1,1,3,1,4,3,2,1
254,1,3,2,1,1,1,1,4,1,2,2
255,2,1,3,1,1,3,1,3,3,2,1
256,2,1,2,1,1,4,2,1,3,2,1
257,3,2,2,1,1,4,2,3,3,2,1
258,3,1,2,2,1,4,2,1,3,2,1
259,2,2,2,2,2,4,2,2,3,2,1
260,3,2,2,2,1,1,2,4,1,2,1
261,1,1,2,2,2,2,3,2,2,1,1
262,1,3,3,2,1,6,2,3,1,2,1
263,1,1,3,2,2,2,3,2,2,1,1
264,1,1,3,2,1,2,1,3,2,1,1
265,1,2,2,1,1,3,3,3,2,2,1
266,3,2,1,2,1,5,2,1,3,1,1
267,1,2,2,2,1,3,1,1,2,1,1
268,2,3,2,1,1,5,2,3,4,2,2
269,3,2,2,2,1,5,2,2,1,2,1
270,2,3,2,1,3,5,2,2,1,2,1
271,3,3,2,1,1,2,2,2,1,2,1
272,2,2,2,2,2,6,2,2,2,2,1
273,2,1,3,2,1,2,2,2,4,2,1
274,3,2,2,2,1,6,1,2,1,2,1
275,1,2,2,1,1,1,1,4,1,1,1
276,1,3,3,2,3,3,2,3,1,1,1
277,1,1,3,2,1,1,1,3,3,2,1
278,1,3,1,1,1,3,2,3,2,1,1
279,1,1,2,2,1,4,1,1,3,2,1
280,3,1,1,1,1,4,2,2,3,2,1
281,1,2,2,2,2,1,2,3,3,1,1
282,3,1,2,1,1,4,2,2,1,2,1
283,3,2,2,1,3,1,2,2,4,2,1
284,1,2,2,2,3,2,2,2,2,2,1
285,1,3,2,2,3,6,1,2,2,2,1
286,2,3,3,2,3,2,1,2,2,2,1
287,1,1,1,1,3,2,1,3,2,2,1
288,3,1,1,2,1,3,2,1,2,2,1
289,3,2,2,2,1,5,2,3,2,2,1
290,2,2,2,1,1,3,2,1,1,2,1
291,2,2,2,2,2,6,2,1,3,2,1
292,1,3,2,2,2,5,2,2,1,2,1
293,1,2,2,1,2,6,1,2,2,1,1
294,3,2,2,1,2,2,2,2,4,2,1
295,3,1,3,1,2,4,1,2,1,1,1
296,2,2,1,2,1,2,1,4,1,1,1
297,2,1,2,1,1,2,2,1,1,2,1
298,1,2,2,1,2,2,2,3,2,1,1
299,2,2,1,2,1,2,2,3,1,1,1
300,2,2,1,2,1,2,2,3,3,2,1
301,3,3,1,2,1,2,2,3,3,2,1
302,1,3,2,1,1,3,2,3,3,2,1
303,2,1,2,2,1,1,3,2,4,2,1
304,1,1,2,2,1,1,2,2,3,1,1
305,1,2,2,2,2,1,3,2,1,2,1
306,1,2,2,1,2,2,1,2,2,2,1
307,1,3,3,1,2,2,3,2,2,1,1
308,1,3,2,2,3,2,2,2,2,1,1
309,2,1,1,1,2,3,2,3,2,2,1
310,1,2,1,2,1,3,2,4,2,1,1
311,1,3,1,1,1,6,2,2,3,2,1
312,2,2,2,2,1,6,2,3,2,2,2
313,3,1,2,2,1,5,2,2,4,1,1
314,1,2,2,1,2,2,2,2,1,2,1
315,2,2,2,2,2,2,3,1,3,2,1
316,2,1,2,1,2,2,3,1,4,2,1
317,1,3,2,1,2,2,2,3,4,1,1
318,1,1,2,1,2,3,2,4,2,2,1
319,2,1,2,1,1,5,1,2,2,2,1
320,1,2,2,2,2,3,1,3,2,2,1
321,2,2,3,2,1,6,1,1,2,2,1
322,3,2,2,1,1,4,2,1,2,2,1
323,1,3,3,2,3,4,2,1,2,1,1
324,1,3,1,1,1,1,2,1,4,2,1
325,2,1,1,1,1,4,1,2,3,2,1
326,1,3,2,1,1,1,3,3,4,1,1
327,1,2,2,1,1,2,1,2,4,2,1
328,2,2,2,2,1,2,3,3,1,1,1
329,1,2,2,1,2,3,2,3,2,1,1
330,1,2,2,2,1,2,2,3,1,2,1
331,2,3,2,2,2,3,2,2,3,2,1
332,3,1,3,2,1,6,2,3,3,1,1
333,1,3,2,2,1,5,2,2,3,2,1
334,2,1,2,1,3,6,3,2,1,2,1
335,2,1,2,1,1,5,1,1,2,2,1
336,3,2,2,1,1,2,3,2,3,2,1
337,2,2,2,1,1,1,2,2,4,2,1
338,3,3,2,1,2,2,2,2,4,2,1
339,1,3,2,2,2,3,1,2,1,1,1
340,2,1,2,2,2,3,1,2,4,2,1
341,3,3,2,2,1,3,2,3,1,2,1
342,2,1,2,2,1,6,2,1,2,1,1
343,2,2,2,2,3,4,2,3,1,2,2
344,1,2,2,2,3,1,2,1,3,2,1
345,2,2,2,2,3,4,2,1,3,2,1
346,2,2,3,2,1,1,2,1,3,2,1
347,1,3,2,2,1,2,3,2,1,1,1
348,1,3,1,1,1,2,3,2,3,2,1
349,3,2,2,2,2,2,2,2,1,2,1
350,3,1,2,1,1,3,2,3,2,2,1
351,2,2,2,2,1,3,1,3,2,2,1
352,1,2,2,1,3,5,2,4,2,2,1
353,3,3,2,1,1,3,2,1,2,2,1
354,2,3,2,2,3,5,2,1,2,2,1
355,3,2,2,1,3,5,1,1,4,2,1
356,1,3,2,2,3,2,2,2,2,2,1
357,1,3,2,1,1,2,1,4,3,2,2
358,2,2,2,2,1,2,2,2,4,2,1
359,3,2,2,1,1,3,2,1,2,1,1
360,2,2,2,1,2,3,2,1,3,1,1
361,1,2,3,2,1,3,3,3,4,2,1
362,2,3,2,1,2,5,2,2,4,1,1
363,1,1,2,2,3,3,2,3,3,2,1
364,3,3,2,1,2,4,2,3,4,2,1
365,2,1,2,2,2,4,2,3,1,2,2
366,1,1,2,2,2,4,2,1,2,2,1
367,1,2,2,2,1,1,2,4,1,2,1
368,2,2,2,2,1,5,3,2,1,2,1
369,3,3,2,2,2,2,1,2,2,2,1
370,2,2,2,2,1,1,2,2,3,2,1
371,2,3,2,2,1,2,3,2,2,2,1
372,3,3,2,2,1,4,2,3,2,2,1
373,1,1,2,1,2,2,2,3,3,1,1
374,2,2,2,1,2,5,2,4,4,1,1
375,3,2,1,1,2,5,2,3,2,2,1
376,1,2,2,1,2,5,2,1,3,2,1
377,2,2,2,2,2,2,2,1,4,2,1
378,2,3,2,1,2,5,1,4,1,1,2
379,1,1,2,1,1,2,2,4,4,2,1
380,2,2,2,2,3,2,3,4,1,2,1
381,2,1,2,2,1,2,2,2,1,1,1
382,1,2,2,2,1,5,1,2,2,2,1
383,3,2,2,1,1,1,2,2,1,2,1
384,2,2,2,2,2,4,1,3,2,2,2
385,1,3,2,1,1,4,2,3,2,2,1
386,2,2,1,1,1,4,1,3,2,2,1
387,3,3,2,1,3,1,2,4,2,2,2
388,1,3,2,1,1,4,2,4,1,2,2
389,1,2,2,2,3,1,3,4,2,1,1
390,1,2,2,1,1,2,1,4,3,1,1
391,1,2,2,1,1,2,2,2,3,2,1
392,2,2,2,2,1,2,2,2,2,1,1
393,1,3,2,1,1,2,2,2,3,2,1
394,1,3,2,2,1,3,1,3,4,2,1
395,1,3,2,1,1,5,3,3,1,2,1
396,2,1,2,2,1,3,2,4,4,2,1
397,3,1,3,1,1,6,3,1,4,2,1
398,2,3,2,1,3,5,2,1,1,2,1
399,2,2,2,2,1,6,2,1,2,2,1
400,1,3,2,1,1,2,2,2,4,2,1
401,2,2,2,2,1,2,2,2,1,2,1
402,2,3,2,1,1,2,2,3,2,2,1
403,1,1,2,2,1,1,2,3,3,1,1
404,2,3,2,2,1,2,1,3,1,2,1
405,2,2,2,2,1,2,3,3,2,2,1
406,1,2,2,2,1,2,2,3,2,1,1
407,1,3,2,1,1,3,1,1,3,2,1
408,2,1,2,1,1,5,2,3,2,2,2
409,1,2,2,1,2,5,1,2,2,2,1
410,1,3,2,1,1,5,1,1,3,2,1
411,3,2,1,1,1,5,2,2,4,1,1
412,1,2,2,1,3,2,2,3,3,2,1
413,1,2,2,2,2,3,2,3,3,2,1
414,2,3,2,1,1,3,2,3,4,1,1
415,1,3,2,2,1,3,1,3,1,2,1
416,1,1,2,2,1,3,3,3,4,2,1
417,2,1,2,2,1,3,1,2,1,2,1
418,2,2,3,2,1,6,2,4,1,1,2
419,1,2,2,2,1,6,1,4,2,1,1
420,3,2,2,2,1,2,2,4,1,2,1
421,2,3,2,2,1,5,2,2,2,1,1
422,1,2,1,2,2,2,3,2,2,2,1
423,3,3,2,1,1,3,3,2,3,2,1
424,2,3,2,1,2,1,2,3,2,2,1
425,3,1,2,1,1,2,2,2,3,2,1
426,3,1,2,1,1,2,2,4,4,2,1
427,1,2,2,1,3,2,2,3,1,2,1
428,2,2,2,1,1,5,2,4,3,2,1
429,1,2,2,1,1,5,1,2,4,2,1
430,1,3,2,1,1,5,2,4,1,1,2
431,2,2,1,1,1,4,1,2,2,2,1
432,3,1,2,1,1,1,2,2,1,1,1
433,1,1,2,2,1,2,2,2,1,2,1
434,2,2,2,2,2,2,2,3,1,1,1
435,1,2,2,2,1,2,1,3,3,1,1
436,1,2,2,2,2,2,2,3,2,2,1
437,2,3,2,1,1,3,1,3,4,2,1
438,3,3,2,2,3,6,1,4,2,2,2
439,1,2,2,1,3,5,2,4,2,2,1
440,2,2,2,1,1,5,2,4,2,2,1
441,3,3,2,1,1,5,2,2,1,1,1
442,2,3,2,2,1,2,2,2,2,2,1
443,2,1,2,2,1,2,2,2,2,2,1
444,3,3,3,1,2,1,2,2,3,2,1
445,1,2,2,2,2,1,1,3,2,2,1
446,2,2,2,1,2,1,3,4,3,1,1
447,3,3,2,2,2,2,2,3,4,1,1
448,3,2,2,1,3,3,1,4,1,2,2
449,1,2,2,1,3,2,1,4,3,1,1
450,1,3,2,2,1,5,3,2,4,2,1
451,3,2,2,1,1,5,2,2,1,1,1
452,2,1,2,1,3,5,2,2,2,2,1
453,1,2,2,2,1,1,2,2,4,2,1
454,2,2,1,1,1,5,2,2,1,2,1
455,1,2,2,2,1,2,2,3,2,2,1
456,2,3,3,2,1,3,1,4,2,2,1
457,1,2,2,2,2,2,1,3,2,1,1
458,2,3,3,2,2,3,3,1,2,1,1
459,2,1,2,2,2,3,2,3,3,2,1
460,1,1,2,1,2,5,1,1,4,1,1
461,2,2,2,2,2,6,2,1,2,2,1
462,2,2,2,2,1,5,2,1,3,2,1
463,1,3,2,1,3,2,2,2,4,2,1
464,2,2,2,2,1,4,3,2,1,1,1
465,1,3,2,2,1,1,3,3,4,2,1
466,1,1,2,2,1,2,3,3,1,2,1
467,2,3,3,1,1,1,2,3,1,2,1
468,3,1,2,2,1,2,1,3,2,1,1
469,2,1,1,2,2,2,1,3,4,2,1
470,1,2,2,2,2,3,1,1,1,2,1
471,1,2,2,2,2,5,2,2,1,2,1
472,1,3,2,2,3,3,2,2,2,2,1
473,1,3,2,2,1,6,2,2,1,2,1
474,1,1,2,2,2,5,2,2,2,1,1
475,1,2,2,2,1,5,2,2,3,2,1
476,1,1,2,1,1,2,1,3,3,2,1
477,3,2,2,1,1,2,1,3,2,1,1
478,1,1,2,1,1,2,1,3,3,1,1
479,2,2,3,1,1,2,3,3,3,2,1
480,2,3,3,1,1,3,2,3,4,1,2
481,1,3,2,1,1,4,2,1,3,2,1
482,1,3,2,2,1,3,2,3,4,2,1
483,2,1,1,2,2,6,3,2,1,1,1
484,1,2,2,2,1,1,2,2,1,2,1
485,1,2,2,2,2,5,3,2,4,2,1
486,3,2,2,1,3,1,1,3,1,2,1
487,3,2,2,2,1,5,2,3,2,2,1
488,2,3,3,1,3,2,1,3,2,2,1
489,3,3,2,2,1,2,1,3,2,2,1
490,1,2,2,1,1,2,2,1,2,1,1
491,2,1,1,2,1,3,1,1,3,2,1
492,3,2,1,2,2,3,2,1,4,2,1
493,1,2,2,1,2,3,2,2,2,1,1
494,1,2,2,2,2,6,2,1,3,2,1
495,2,3,2,1,1,6,2,3,4,2,2
496,1,2,2,1,2,6,2,3,4,2,1
497,2,2,2,2,2,5,2,2,3,1,1
498,1,1,2,2,1,2,1,3,4,2,1
499,1,2,2,2,2,3,1,2,1,1,1
500,1,3,2,1,1,2,2,4,2,2,2
501,1,3,2,1,1,5,1,1,4,2,1
502,1,1,2,2,1,2,2,4,4,2,1
503,2,3,3,1,1,5,2,2,1,2,1
504,1,1,2,2,1,3,2,4,2,2,1
505,2,3,1,1,2,4,1,2,1,2,1
506,3,1,2,2,2,1,2,2,2,2,1
507,1,3,2,2,2,4,2,2,2,2,1
508,2,2,2,2,2,2,2,4,3,2,1
509,2,2,2,2,1,2,2,2,2,1,1
510,3,2,2,1,2,2,1,4,1,1,1
511,3,2,2,1,1,2,1,4,2,2,1
512,1,3,3,1,1,2,2,2,2,1,1
513,2,1,3,1,1,3,1,2,3,1,1
514,1,3,1,1,2,6,2,2,2,2,1
515,1,2,2,1,2,3,2,2,3,1,1
516,2,1,1,2,2,5,2,1,4,1,1
517,2,2,2,2,2,6,1,1,1,2,1
518,3,3,2,2,1,2,3,3,3,2,1
519,1,3,1,2,2,2,2,2,4,2,1
520,1,3,2,2,1,1,2,3,1,2,1
521,3,3,2,2,2,3,2,3,2,2,1
522,3,1,2,2,2,3,2,3,1,2,1
523,1,2,2,2,1,3,2,1,2,2,1
524,2,3,2,2,3,6,3,3,2,2,2
525,1,1,3,2,1,2,2,2,3,1,1
526,1,3,2,1,1,5,2,2,2,1,1
527,1,2,1,1,1,4,2,2,3,2,1
528,1,1,1,1,1,5,2,3,3,2,1
529,3,2,2,1,2,1,1,3,4,2,1
530,1,3,2,1,2,5,1,3,4,1,1
531,3,2,2,2,2,2,1,3,4,2,1
532,2,3,2,2,2,2,3,1,1,1,1
533,3,2,2,1,2,2,2,2,4,1,1
534,1,1,3,2,1,3,1,1,1,2,1
535,3,1,1,2,3,3,1,2,2,1,1
536,2,2,1,1,1,3,2,4,3,2,1
537,1,2,1,2,1,6,2,1,4,2,1
538,3,3,2,1,1,6,2,2,1,2,1
539,1,2,2,2,2,2,3,2,4,2,1
540,1,3,2,1,2,6,2,3,1,2,1
541,1,1,1,1,1,2,3,3,1,2,1
542,1,1,2,2,2,3,3,3,2,2,1
543,3,2,2,1,2,3,3,1,1,2,1
544,1,1,2,2,2,3,2,3,2,2,1
545,2,2,2,2,1,1,2,1,2,1,1
546,2,3,2,1,2,2,2,2,3,1,1
547,1,1,1,2,1,5,1,1,2,2,1
548,2,3,2,1,1,4,2,2,3,1,1
549,3,1,2,2,1,5,2,2,2,2,1
550,1,3,2,1,1,5,2,2,2,2,1
551,2,1,1,1,1,2,3,3,2,1,1
552,2,2,2,1,2,2,2,3,3,2,1
553,1,2,1,1,2,2,3,3,2,2,1
554,1,2,2,2,2,2,3,3,3,2,1
555,2,2,2,1,2,2,2,2,3,2,1
556,2,3,2,2,3,3,2,2,4,2,1
557,1,1,2,2,3,6,2,1,2,2,1
558,1,2,2,1,1,5,2,2,3,2,1
559,2,2,2,2,1,5,2,2,3,2,1
560,3,2,1,1,1,5,2,2,4,2,1
561,2,3,1,2,1,2,1,3,3,2,1
562,2,3,1,1,2,2,3,2,4,2,1
563,3,3,2,1,1,2,1,3,1,2,1
564,1,1,2,1,1,2,3,4,1,2,1
565,2,3,2,1,2,1,2,3,4,2,1
566,2,2,2,2,2,1,2,2,1,1,1
567,1,2,2,1,1,4,1,3,1,2,1
568,1,2,2,2,1,2,2,2,2,1,1
569,2,2,1,2,1,5,1,2,1,1,1
570,3,2,2,2,1,4,2,2,2,2,1
571,3,3,2,2,1,4,2,3,3,1,2
572,1,3,2,2,1,1,2,2,2,2,1
573,1,3,2,2,1,5,1,4,3,2,2
574,3,1,1,2,2,2,3,4,3,2,1
575,1,3,2,1,2,2,2,4,4,2,2
576,2,3,2,1,2,2,1,2,3,2,1
577,2,2,2,1,2,5,2,3,4,2,2
578,2,3,2,1,2,2,2,1,4,2,1
579,1,2,2,1,1,5,2,2,1,2,1
580,1,2,2,2,3,6,2,1,4,2,1
581,2,2,2,2,1,5,2,2,2,1,1
582,3,2,2,2,1,2,3,2,3,2,1
583,1,3,2,2,1,6,3,2,2,2,1
584,1,3,2,2,1,2,2,3,2,1,1
585,2,3,2,2,1,1,2,3,3,2,1
586,3,3,2,1,1,2,1,4,4,2,2
587,3,3,1,1,2,4,2,3,2,1,1
588,2,2,2,1,1,2,1,4,2,2,1
589,2,1,2,1,3,5,2,2,3,2,1
590,3,2,2,1,3,4,2,1,4,2,1
591,1,2,2,1,3,5,2,2,3,1,1
592,1,2,2,1,1,2,3,2,4,2,1
593,2,2,2,1,3,1,2,2,4,2,1
594,1,2,2,1,1,2,1,4,1,2,1
595,1,3,2,2,2,3,3,3,3,2,1
596,2,1,2,2,1,4,1,4,4,2,1
597,3,2,1,2,2,1,2,3,1,2,1
598,1,1,1,2,2,4,2,4,2,1,1
599,1,1,2,2,2,1,2,1,1,2,1
600,2,3,2,2,3,4,2,1,1,2,1
601,2,1,2,1,2,5,2,1,2,1,1
602,3,2,2,1,3,4,1,1,3,2,1
603,3,2,2,1,1,1,3,2,2,1,1
604,1,2,2,2,2,5,2,3,2,1,1
605,2,2,3,1,1,2,2,2,3,2,1
606,2,2,2,2,1,2,1,3,4,2,1
607,3,1,1,2,1,2,1,3,3,1,1
608,1,3,1,2,1,3,2,3,3,2,1
609,1,3,2,1,1,2,2,2,4,2,1
610,2,2,2,1,1,3,2,4,1,2,2
611,3,3,2,2,2,6,2,2,4,2,1
612,1,2,2,1,2,3,2,2,1,2,1
613,2,2,2,1,2,6,3,2,2,2,1
614,2,2,2,2,1,6,3,3,2,1,2
615,3,2,2,1,2,2,3,2,1,2,1
616,1,2,2,1,1,2,2,4,2,2,1
617,1,2,2,1,1,1,2,4,3,2,1
618,2,1,2,2,1,2,2,3,3,2,1
619,3,2,1,2,2,2,2,1,1,2,1
620,1,2,2,1,2,2,2,3,2,2,1
621,2,1,1,2,1,4,3,1,2,2,1
622,2,3,2,2,2,2,2,2,3,2,1
623,3,1,3,2,3,5,3,2,2,1,1
624,1,2,2,1,3,4,2,2,3,2,1
625,2,3,2,2,1,5,1,2,4,2,1
626,2,2,2,1,2,2,1,2,1,1,1
627,3,2,2,2,3,5,3,3,3,1,2
628,1,2,2,1,1,2,2,3,4,1,1
629,2,2,2,2,3,3,2,4,1,1,2
630,2,2,1,1,1,2,2,3,2,2,1
631,3,2,2,2,1,3,2,4,4,2,2
632,1,1,2,2,1,3,2,2,1,1,1
633,1,3,2,1,2,6,3,2,2,1,1
634,2,1,1,2,2,6,3,2,3,2,1
635,3,2,2,1,2,6,2,2,1,2,1
636,1,2,2,2,1,2,1,2,2,1,1
637,2,2,2,1,2,4,2,4,3,2,2
638,2,2,2,1,1,1,3,3,3,2,1
639,3,2,2,2,1,2,3,3,2,2,1
640,1,2,2,2,3,2,3,3,3,2,1
641,2,2,2,2,1,2,2,3,4,2,1
642,3,2,2,1,1,2,3,2,1,2,1
643,1,3,3,2,1,3,2,3,3,1,1
644,1,2,2,2,2,6,2,1,4,2,1
645,2,1,3,2,2,3,2,1,1,1,1
646,3,1,2,2,2,6,3,3,2,1,2
647,3,3,2,1,1,5,2,3,1,2,1
648,1,3,2,2,1,6,3,2,1,1,1
649,1,2,2,2,1,2,3,3,2,2,1
650,2,2,2,1,1,1,1,2,2,2,1
651,1,2,2,1,1,3,2,3,1,2,1
652,3,3,2,1,1,3,2,2,1,2,1
653,2,2,2,1,1,3,2,4,2,2,2
654,3,1,3,1,1,4,1,4,3,2,1
655,3,1,2,2,1,3,3,3,2,2,1
656,1,3,1,2,1,1,2,2,2,2,1
657,2,2,2,2,1,1,2,4,3,2,1
658,3,2,2,2,3,4,2,2,4,1,1
659,1,2,2,2,2,6,2,2,3,1,1
660,3,2,2,2,1,6,1,1,4,2,1
661,1,2,2,2,1,2,2,2,4,1,1
662,2,2,2,2,2,2,2,2,1,2,1
663,2,3,2,1,1,2,2,3,4,2,1
664,3,2,2,2,1,3,3,1,4,1,1
665,1,1,2,1,1,3,2,2,1,1,1
666,2,2,3,1,2,3,1,2,2,2,1
667,2,1,3,2,1,1,3,3,1,2,1
668,2,2,1,1,2,4,1,2,2,1,1
669,3,2,2,2,2,1,2,3,2,2,1
670,1,1,1,1,1,2,2,3,3,2,1
671,2,2,2,1,1,2,2,3,2,2,1
672,2,2,2,2,3,2,3,2,2,2,1
673,1,2,2,1,2,2,2,3,2,2,1
674,2,3,2,2,1,2,1,1,3,2,1
675,3,2,2,2,1,5,2,3,4,1,2
676,3,3,2,1,1,3,2,4,2,2,2
677,1,1,3,1,1,5,2,2,3,2,1
678,1,1,3,1,1,3,1,2,4,1,1
679,1,1,2,2,1,4,3,2,1,2,1
680,1,2,2,1,1,1,3,2,4,1,1
681,3,2,2,1,2,1,2,2,2,1,1
682,2,2,2,2,2,1,2,4,2,2,1
683,1,2,2,2,1,2,2,3,4,2,1
684,2,2,2,2,2,2,2,4,1,2,1
685,3,3,2,1,1,3,2,2,2,1,1
686,1,2,2,1,1,2,2,3,1,2,1
687,2,3,2,1,1,3,2,1,2,2,1
688,2,1,1,1,1,6,2,1,1,2,1
689,3,1,2,1,1,5,3,1,2,2,1
690,1,1,2,1,1,5,2,2,2,2,1
691,2,3,2,2,2,5,3,2,3,2,1
692,2,1,3,2,1,2,2,3,2,1,2
693,1,1,2,2,1,3,3,3,2,2,1
694,1,1,2,2,2,2,2,3,1,2,1
695,1,2,2,2,2,3,2,3,4,1,1
696,2,3,2,2,2,3,2,1,4,2,1
697,2,2,2,2,1,3,2,1,1,2,1
698,1,3,2,2,2,6,2,1,4,2,1
699,2,3,2,2,1,4,3,2,4,1,1
700,1,3,2,2,1,4,1,1,1,2,1
701,2,3,3,1,1,4,1,3,2,2,1
702,3,1,2,2,1,1,1,3,3,2,1
703,1,1,1,1,2,1,2,3,2,2,1
704,1,1,2,1,2,5,2,1,2,2,1
705,1,1,2,1,2,2,2,3,3,2,1
706,1,2,2,1,2,2,2,3,4,2,1
707,2,3,2,2,2,2,2,3,3,2,1
708,3,2,2,2,1,5,2,1,3,2,1
709,1,3,2,2,3,2,1,2,4,2,1
710,1,3,2,2,1,6,3,2,1,1,1
711,2,3,2,1,1,5,3,2,3,1,1
712,3,1,2,1,1,6,3,2,4,2,1
713,1,3,2,1,1,2,2,3,1,1,1
714,3,3,2,1,2,6,2,3,1,2,1
715,1,2,2,1,1,2,2,3,1,1,1
716,1,1,2,1,2,2,2,1,3,2,1
717,3,2,1,2,2,2,2,3,4,1,1
718,3,2,2,1,2,5,2,1,1,1,1
719,1,2,2,1,2,2,1,1,2,2,1
720,2,2,2,2,2,4,3,1,4,2,1
721,3,2,2,2,3,3,1,3,1,2,1
722,1,2,3,2,1,4,3,3,2,2,1
723,3,1,3,2,1,1,1,4,3,2,1
724,1,1,3,2,1,5,2,3,1,2,1
725,1,1,3,2,2,1,1,4,2,2,1
726,2,1,1,1,1,2,2,4,3,1,1
727,3,2,2,1,2,2,2,4,4,1,1
728,1,2,3,1,2,3,2,4,3,2,1
729,1,2,2,2,2,2,2,2,3,2,1
730,2,2,2,1,3,3,3,2,4,1,1
731,2,2,2,1,3,6,1,2,1,2,1
732,3,3,2,2,1,5,3,3,4,1,2
733,1,2,2,2,1,6,1,3,1,1,1
734,1,3,2,2,1,5,3,1,1,2,1
735,1,3,2,1,1,1,2,3,2,2,1
736,3,3,2,2,1,2,2,1,1,1,1
737,2,3,2,2,1,2,2,1,2,2,1
738,1,3,2,1,1,3,3,1,2,2,1
739,2,1,1,1,2,1,2,2,3,2,1
740,1,2,2,1,1,2,1,2,2,2,1
741,3,1,2,2,1,5,1,3,2,2,1
742,1,2,2,1,3,2,1,2,3,2,1
743,1,3,2,1,1,5,2,3,4,1,1
744,1,3,3,2,1,5,3,3,3,2,1
745,2,2,2,1,1,5,2,3,4,1,2
746,2,3,3,2,1,2,1,1,4,1,1
747,1,2,3,2,1,1,3,4,1,2,1
748,2,1,1,2,1,2,2,2,3,1,1
749,2,1,1,1,1,3,2,2,4,1,1
750,3,1,3,1,1,3,2,3,1,1,1
751,3,3,1,2,1,5,2,2,1,2,1
752,3,3,2,1,2,3,2,3,4,2,1
753,1,1,2,2,1,5,2,3,1,1,1
754,1,2,2,1,2,5,1,4,2,2,1
755,2,3,2,2,2,5,3,3,2,2,2
756,1,1,2,2,1,2,1,1,1,2,1
757,2,1,2,2,3,6,2,1,2,2,1
758,1,1,3,2,1,3,3,3,3,2,1
759,1,2,3,2,1,1,2,3,3,2,1
760,2,2,3,1,1,1,2,2,2,1,1
761,1,2,1,1,1,4,2,3,3,2,1
762,1,2,1,1,1,2,2,3,4,2,1
763,3,2,2,1,1,4,2,1,1,2,1
764,1,2,2,1,2,5,3,3,3,1,1
765,1,2,2,2,1,5,2,1,4,2,1
766,3,2,2,1,2,1,3,1,1,2,1
767,1,2,2,1,2,5,2,1,2,1,1
768,1,2,2,1,2,2,3,3,1,1,1
769,3,2,1,2,3,2,2,2,1,1,1
770,3,2,2,2,1,2,1,3,1,1,1
771,2,3,1,2,3,3,2,3,2,2,1
772,3,2,2,2,1,3,2,3,2,2,1
773,3,2,2,2,1,3,2,3,1,2,1
774,1,3,2,2,1,6,3,1,2,2,1
775,3,1,2,2,2,5,2,1,3,2,1
776,1,3,3,1,2,6,1,1,3,2,1
777,1,2,2,1,2,5,2,3,2,2,1
778,3,2,2,1,3,2,2,2,3,2,1
779,1,2,2,1,3,2,3,2,4,2,1
780,1,2,2,1,3,1,3,2,4,1,1
781,1,2,2,2,1,2,2,3,3,2,1
782,2,2,2,2,1,3,2,3,3,1,1
783,2,3,1,2,1,2,2,3,4,1,1
784,1,2,2,2,1,5,2,1,4,2,1
785,3,3,2,1,1,2,2,1,3,1,1
786,3,1,2,2,1,6,2,1,4,1,1
787,1,2,1,1,1,6,3,1,1,2,1
788,2,3,2,1,1,5,3,1,2,2,1
789,3,1,2,2,2,2,3,3,4,2,1
790,1,3,2,1,2,2,3,2,1,2,1
791,1,1,2,1,2,2,1,3,3,2,1
792,2,1,3,1,1,2,2,3,2,2,1
793,2,2,2,1,2,3,2,3,2,2,1
794,2,2,3,1,1,5,2,1,2,2,1
795,1,2,1,2,1,3,2,3,3,2,1
796,1,2,2,2,1,6,2,2,3,1,1
797,1,2,3,1,1,5,1,4,2,2,1
798,1,2,3,2,2,6,2,2,3,2,1
799,1,3,1,2,2,2,2,2,4,1,1
800,3,1,2,1,2,1,2,2,1,1,1
801,3,3,2,2,2,1,3,2,4,1,1
802,3,3,2,1,1,2,2,2,1,1,1
803,3,2,2,2,1,2,2,3,1,2,1
804,1,1,2,1,1,2,2,4,2,2,1
805,2,2,2,1,1,2,2,4,1,1,1
806,3,3,3,2,1,3,2,2,1,2,1
807,1,2,2,1,1,5,3,3,2,2,1
808,2,3,1,2,1,5,2,2,3,2,1
809,2,3,2,1,1,1,3,2,2,2,1
810,3,2,2,2,1,5,3,2,2,2,1
811,3,3,2,1,1,2,3,3,3,2,1
812,3,3,2,1,2,2,2,3,4,1,1
813,1,3,2,2,1,2,2,3,2,2,1
814,2,1,2,1,1,3,2,3,2,2,1
815,2,1,2,1,3,3,2,1,3,1,1
816,2,1,2,2,1,3,2,2,4,2,1
817,1,2,1,1,1,6,2,4,3,1,1
818,1,2,2,2,1,5,2,2,3,1,1
819,1,2,2,1,1,6,2,1,4,2,1
820,1,2,1,2,1,4,1,2,1,2,1
821,3,2,2,2,2,1,1,3,4,1,1
822,3,2,3,2,1,2,1,2,1,2,1
823,2,1,2,2,2,1,2,4,2,2,1
824,2,3,3,1,3,2,2,3,2,2,1
825,2,3,2,1,1,3,2,4,1,1,2
826,3,2,2,1,2,3,2,3,2,2,1
827,1,3,2,1,1,5,2,2,2,2,1
828,1,2,2,1,1,3,3,2,3,2,1
829,1,2,2,2,1,6,2,2,2,2,1
830,1,1,2,2,1,5,2,2,3,2,1
831,2,3,2,2,1,5,3,2,4,2,1
832,3,3,3,2,1,2,2,3,1,1,1
833,3,2,1,2,2,2,2,4,3,2,1
834,1,2,2,2,1,2,3,3,4,2,1
835,2,3,1,2,2,2,2,4,1,1,1
836,2,3,2,2,1,3,3,3,2,2,1
837,3,3,2,2,2,6,2,1,4,1,1
838,3,3,2,1,1,5,3,1,1,1,1
839,1,3,2,2,1,5,2,2,2,2,1
840,1,1,3,2,1,3,3,3,2,2,1
841,2,1,2,1,1,1,2,3,2,2,1
842,1,1,2,1,2,1,2,1,2,2,1
843,3,2,2,1,1,5,2,2,3,2,1
844,2,2,2,2,2,1,2,4,4,2,1
845,2,2,3,1,2,1,2,3,1,2,1
846,1,3,1,1,2,2,2,3,2,1,1
847,2,2,1,2,1,2,2,4,2,1,1
848,1,1,2,2,1,2,2,3,3,2,1
849,3,1,1,2,3,3,3,2,2,1,1
850,2,3,1,1,1,6,1,3,3,2,1
851,3,2,2,2,1,5,1,3,4,2,1
852,1,2,1,1,1,2,2,4,4,1,1
853,1,2,2,1,1,6,2,1,3,2,1
854,2,2,2,1,1,2,2,3,4,2,1
855,2,1,2,1,1,3,2,3,1,2,1
856,2,2,2,2,1,2,2,1,2,1,1
857,3,2,2,1,1,3,3,1,4,2,1
858,3,2,2,2,2,3,2,1,1,2,1
859,1,2,3,2,2,3,3,1,2,2,1
860,1,1,3,1,2,6,1,2,2,2,1
861,2,3,3,2,1,4,1,3,2,2,1
862,3,1,2,2,3,4,2,2,2,2,1
863,3,2,2,2,1,4,1,3,3,1,2
864,2,1,2,1,1,1,2,3,4,2,1
865,1,2,2,1,1,2,1,1,3,2,1
866,1,2,2,2,1,6,2,1,3,1,1
867,1,2,2,1,1,2,2,1,4,1,1
868,2,2,2,1,2,2,2,3,1,1,1
869,1,2,2,1,2,2,2,3,4,1,1
870,1,2,2,2,1,5,3,2,3,1,1
871,3,1,2,2,2,4,3,2,4,2,1
872,1,3,2,2,1,5,3,3,2,2,1
873,1,1,1,2,2,4,3,3,2,1,1
874,1,2,3,2,1,1,2,3,4,2,1
875,2,3,1,2,1,2,2,4,1,2,1
876,2,2,2,1,1,2,1,3,2,2,1
877,2,2,2,1,1,2,2,2,3,2,1
878,3,2,2,1,1,2,2,1,1,2,1
879,3,2,2,1,1,3,2,2,1,2,1
880,1,2,2,1,2,6,1,2,2,1,1
881,2,2,2,2,1,2,3,3,3,2,1
882,1,3,2,2,2,4,1,3,1,1,1
883,2,2,3,1,2,4,1,3,2,2,1
884,3,1,2,2,1,4,2,1,3,1,1
885,3,1,2,2,3,1,2,3,3,2,1
886,2,3,2,2,1,5,2,1,2,2,1
887,1,2,2,2,1,1,2,2,3,2,1
888,2,2,2,1,1,2,2,1,4,1,1
889,2,2,2,2,1,2,2,3,1,2,1
890,1,2,1,2,1,3,3,1,3,2,1
891,1,2,1,1,2,3,2,3,4,2,1
892,3,2,1,1,2,3,3,3,1,2,1
893,3,3,2,1,2,6,1,3,2,2,1
894,2,3,2,2,3,3,1,1,1,2,1
895,1,3,2,1,1,6,2,3,1,2,1
896,1,3,2,1,3,6,2,1,2,2,1
897,2,1,2,2,1,2,2,1,3,2,1
898,1,2,3,2,2,2,2,1,2,2,1
899,1,3,2,2,1,5,2,3,2,1,1
900,2,2,1,1,2,1,3,3,3,2,1
901,2,2,2,2,1,2,2,3,4,1,1
902,1,2,2,1,1,2,1,3,4,1,1
903,3,2,1,1,2,4,1,1,1,2,1
904,1,2,2,1,1,2,1,1,1,1,1
905,2,2,2,2,2,5,2,1,4,2,1
906,1,3,2,2,1,6,1,1,1,2,1
907,2,2,2,1,2,5,2,4,2,2,1
908,3,1,1,2,1,2,1,2,2,2,1
909,1,2,2,2,1,5,2,2,4,2,1
910,2,3,2,1,1,2,2,2,1,2,1
911,3,2,2,2,1,6,2,3,2,2,1
912,2,2,2,2,1,1,2,2,2,2,1
913,1,2,3,2,1,3,2,3,1,2,1
914,1,2,3,1,2,3,3,3,1,1,1
915,2,2,3,1,2,3,2,3,2,1,2
916,1,2,3,1,1,3,3,2,2,2,1
917,2,1,1,1,1,3,2,1,3,1,1
918,3,3,2,1,1,1,2,2,2,1,1
919,2,1,2,1,1,6,2,2,2,2,1
920,1,2,2,2,1,2,2,2,3,2,1
921,1,3,2,2,1,6,2,3,4,1,1
922,1,1,2,1,1,3,2,2,3,2,1
923,1,2,2,2,1,3,1,3,4,2,1
924,2,2,2,1,1,3,1,3,1,1,1
925,3,2,2,2,1,5,1,3,1,2,1
926,2,2,2,1,1,3,2,2,4,2,1
927,1,2,2,1,1,6,1,4,1,2,1
928,1,3,2,2,2,5,1,2,2,2,1
929,2,2,2,1,2,2,1,4,2,2,1
930,1,3,3,2,2,2,2,2,1,2,1
931,2,1,2,1,1,1,2,2,2,2,1
932,3,1,2,1,3,1,2,2,3,2,1
933,2,3,2,2,1,1,2,3,3,2,1
934,1,2,2,2,1,2,2,2,2,1,1
935,3,2,2,2,1,3,1,4,3,1,2
936,1,3,2,2,2,2,1,3,3,2,1
937,1,1,2,2,2,4,1,4,1,2,1
938,1,1,2,2,2,5,1,2,3,2,1
939,2,1,2,1,2,5,2,2,4,2,1
940,2,2,1,1,2,1,2,2,1,2,1
941,2,2,1,1,3,5,2,2,2,2,1
942,3,2,2,1,1,2,3,3,3,2,1
943,1,2,2,1,3,2,2,3,4,2,1
944,1,2,2,1,1,2,1,3,1,2,1
945,2,1,2,2,2,3,1,1,2,2,1
946,2,2,2,2,3,3,2,3,1,2,1
947,2,3,2,2,1,3,2,4,2,1,2
948,2,3,2,2,1,6,3,3,2,2,2
949,3,3,2,2,1,6,2,4,3,1,2
950,1,2,2,2,2,2,2,2,2,1,1
951,1,3,3,2,2,4,2,2,2,2,1
952,2,2,1,1,2,1,2,2,3,2,1
953,1,2,1,1,3,2,2,2,4,2,1
954,3,2,2,1,3,2,2,3,3,1,1
955,2,2,2,1,1,2,1,3,3,2,1
956,3,2,2,1,1,2,2,3,4,1,1
957,3,2,2,1,3,2,1,2,1,1,1
958,1,1,2,1,1,5,1,3,4,2,1
959,1,3,2,2,1,3,1,2,1,2,1
960,2,1,2,2,2,5,2,1,1,2,1
961,2,2,2,2,2,5,2,3,2,2,2
962,3,2,2,2,2,5,2,3,1,2,1
963,2,2,2,2,2,2,2,3,2,2,1
964,3,2,3,2,3,2,2,1,2,2,1
965,3,2,3,1,3,2,2,2,3,1,1
966,1,3,2,2,1,3,2,3,2,1,1
967,1,2,1,1,1,3,2,3,3,2,1
968,1,2,2,1,3,5,1,4,4,1,1
969,1,3,2,1,1,3,1,2,4,2,1
970,2,3,1,2,1,6,2,2,3,2,1
971,3,3,2,1,1,4,1,2,4,1,1
972,3,3,2,2,2,4,2,2,1,2,1
973,1,3,2,2,2,1,2,2,2,2,1
974,1,2,2,1,1,5,2,3,3,2,1
975,1,1,2,1,2,1,3,3,4,2,1
976,1,1,2,1,3,1,2,4,1,2,1
977,2,2,3,1,3,2,1,3,2,2,1
978,1,2,1,1,3,3,3,2,4,1,1
979,2,3,1,2,1,3,1,2,1,2,1
980,3,3,2,2,1,5,2,2,2,2,1
981,1,3,2,2,1,5,1,3,3,1,1
982,1,3,2,2,1,5,2,2,1,2,1
983,1,3,2,2,2,2,2,3,2,2,1
984,1,1,2,2,2,5,2,2,3,2,1
985,2,2,2,2,2,2,1,2,4,1,1
986,2,1,1,1,2,2,2,4,3,1,1
987,3,2,2,1,2,2,3,4,3,1,1
988,3,3,2,1,3,5,3,4,4,1,2
989,3,2,2,1,1,2,2,3,1,2,1
990,1,3,3,1,2,5,2,2,3,2,1
991,1,3,2,1,1,3,3,2,4,2,1
992,2,3,2,2,1,3,2,2,1,2,1
993,3,1,2,2,3,6,2,2,2,2,1
994,2,3,2,2,1,4,2,2,1,2,1
995,3,2,2,2,2,2,2,3,1,2,1
996,3,2,2,2,2,5,2,4,2,2,1
997,1,2,2,2,2,4,2,3,4,2,1
998,1,2,2,2,2,4,2,2,1,2,1
999,2,2,2,2,2,4,2,4,4,2,2
1000,2,2,2,1,1,1,3,2,4,1,1
1001,3,3,2,2,2,2,2,2,1,1,1
1002,2,2,3,1,1,2,3,2,2,2,1
